key,year,yield_t_ha,region1,region2
gentry_mo_2005,2005,3.127174731459754,gentry,mo_2005
grand forks_nd_2006,2006,1.8897550527746043,grand forks,nd_2006
fayette_oh_2005,2005,2.8043695978897154,fayette,oh_2005
steuben_in_2012,2012,2.481564464319676,steuben,in_2012
jackson_ar_2011,2011,2.078058047357127,jackson,ar_2011
hennepin_mn_2006,2006,3.093549196712875,hennepin,mn_2006
atchison_mo_2013,2013,3.3760036885866596,atchison,mo_2013
ripley_in_2005,2005,3.382728795536035,ripley,in_2005
ford_ks_2013,2013,3.221326228751016,ford,ks_2013
shelby_in_2013,2013,3.66518328740982,shelby,in_2013
clarke_ia_2007,2007,3.100274303662251,clarke,ia_2007
ness_ks_2006,2006,1.8157788763314702,ness,ks_2006
sibley_mn_2005,2005,3.4298045441816662,sibley,mn_2005
mcdonough_il_2016,2016,4.2031918433598845,mcdonough,il_2016
scott_ia_2011,2011,4.304068447600522,scott,ia_2011
miami_oh_2007,2007,3.3020275121435256,miami,oh_2007
jefferson_ks_2007,2007,2.7572938492440846,jefferson,ks_2007
black hawk_ia_2006,2006,3.5912071109666854,black hawk,ia_2006
marshall_in_2012,2012,3.2953024051941497,marshall,in_2012
miami_in_2013,2013,3.5643066831691823,miami,in_2013
noble_in_2009,2009,3.1944258009535127,noble,in_2009
callaway_mo_2007,2007,1.9502810153189867,callaway,mo_2007
wayne_mo_2016,2016,2.017532084812745,wayne,mo_2016
clinton_ia_2009,2009,3.4970556136754243,clinton,ia_2009
atchison_ks_2013,2013,3.322202832991653,atchison,ks_2013
woodruff_ar_2009,2009,1.7485278068377121,woodruff,ar_2009
warren_ia_2006,2006,3.382728795536035,warren,ia_2006
bond_il_2010,2010,3.355828367738532,bond,il_2010
hardin_oh_2013,2013,3.174250480105385,hardin,oh_2013
poinsett_ar_2016,2016,3.4298045441816662,poinsett,ar_2016
sanborn_sd_2006,2006,2.152034223800261,sanborn,sd_2006
hancock_il_2014,2014,3.5037807206248,hancock,il_2014
craighead_ar_2012,2012,3.322202832991653,craighead,ar_2012
harrison_in_2013,2013,3.2078760148522645,harrison,in_2013
towner_nd_2008,2008,1.7485278068377121,towner,nd_2008
rooks_ks_2005,2005,2.084783154306503,rooks,ks_2005
osage_ks_2015,2015,2.5757159616109373,osage,ks_2015
lawrence_in_2008,2008,2.656417245003447,lawrence,in_2008
morgan_oh_2016,2016,3.5172309345235515,morgan,oh_2016
marion_il_2005,2005,2.8917959882316007,marion,il_2005
stevens_mn_2006,2006,2.622791710256568,stevens,mn_2006
osceola_ia_2016,2016,3.8064105333467118,osceola,ia_2016
maries_mo_2005,2005,1.8090537693820943,maries,mo_2005
henderson_il_2013,2013,3.4903305067260484,henderson,il_2013
chisago_mn_2007,2007,1.8157788763314702,chisago,mn_2007
ripley_in_2009,2009,2.7236683144972056,ripley,in_2009
hyde_sd_2013,2013,2.6429670311046953,hyde,sd_2013
benson_nd_2013,2013,2.0982333682052543,benson,nd_2013
boone_mo_2014,2014,3.1204496245103783,boone,mo_2014
johnson_mo_2006,2006,1.9502810153189867,johnson,mo_2006
ripley_mo_2006,2006,1.8157788763314702,ripley,mo_2006
howard_ia_2008,2008,2.992672592472238,howard,ia_2008
humboldt_ia_2011,2011,3.4836053997766725,humboldt,ia_2011
huron_oh_2013,2013,3.5643066831691823,huron,oh_2013
will_il_2015,2015,3.349103260789156,will,il_2015
howard_in_2014,2014,4.055239490473617,howard,in_2014
hamilton_il_2014,2014,3.093549196712875,hamilton,il_2014
hardin_il_2016,2016,2.6765925658515743,hardin,il_2016
minnehaha_sd_2006,2006,3.3692785816372837,minnehaha,sd_2006
platte_mo_2008,2008,2.690042779750326,platte,mo_2008
clay_mo_2016,2016,3.140624945358506,clay,mo_2016
warren_mo_2007,2007,1.8830299458252284,warren,mo_2007
morgan_il_2014,2014,3.981263314030483,morgan,il_2014
maries_mo_2013,2013,2.3470623253321596,maries,mo_2013
madison_ne_2013,2013,3.510505827574176,madison,ne_2013
vernon_mo_2010,2010,2.3470623253321596,vernon,mo_2010
bottineau_nd_2007,2007,1.7619780207364637,bottineau,nd_2007
livingston_il_2010,2010,3.436529651131042,livingston,il_2010
greeley_ne_2010,2010,3.3692785816372837,greeley,ne_2010
gentry_mo_2007,2007,2.8917959882316007,gentry,mo_2007
yankton_sd_2009,2009,3.4298045441816662,yankton,sd_2009
montgomery_oh_2012,2012,2.010806977863369,montgomery,oh_2012
clarke_ia_2016,2016,3.382728795536035,clarke,ia_2016
colfax_ne_2016,2016,4.223367164208012,colfax,ne_2016
jay_in_2015,2015,2.9388717368772315,jay,in_2015
grundy_ia_2006,2006,3.79296031944796,grundy,ia_2006
martin_mn_2007,2007,3.2953024051941497,martin,mn_2007
linn_ia_2005,2005,3.315477726042277,linn,ia_2005
cole_mo_2011,2011,2.84472023958597,cole,mo_2011
pope_ar_2006,2006,1.4795235288626796,pope,ar_2006
lake_il_2005,2005,1.9502810153189867,lake,il_2005
roseau_mn_2016,2016,2.3941380739777904,roseau,mn_2016
cass_il_2013,2013,3.537406255371679,cass,il_2013
butler_ks_2005,2005,2.55554064076281,butler,ks_2005
mason_il_2010,2010,3.2751270843460225,mason,il_2010
boone_mo_2008,2008,2.18565975854714,boone,mo_2008
lincoln_mo_2010,2010,3.2078760148522645,lincoln,mo_2010
renville_nd_2010,2010,2.091508261255879,renville,nd_2010
vermillion_in_2013,2013,3.826585854194839,vermillion,in_2013
hamilton_in_2005,2005,3.2953024051941497,hamilton,in_2005
butler_ne_2006,2006,3.100274303662251,butler,ne_2006
meigs_oh_2016,2016,3.3087526190929015,meigs,oh_2016
freeborn_mn_2007,2007,3.4970556136754243,freeborn,mn_2007
mchenry_il_2011,2011,3.4029041163841627,mchenry,il_2011
franklin_ks_2012,2012,1.055841791052003,franklin,ks_2012
blue earth_mn_2009,2009,3.1608002662066332,blue earth,mn_2009
grundy_mo_2010,2010,2.703492993649078,grundy,mo_2010
chase_ks_2011,2011,0.8540885825707285,chase,ks_2011
buena vista_ia_2012,2012,2.878345774332849,buena vista,ia_2012
stanton_ne_2013,2013,3.6786335013085716,stanton,ne_2013
lincoln_ks_2012,2012,1.1029175396976336,lincoln,ks_2012
fillmore_ne_2016,2016,4.445295693537414,fillmore,ne_2016
haskell_ks_2006,2006,3.833310961144215,haskell,ks_2006
johnson_ia_2012,2012,3.187700694004137,johnson,ia_2012
rush_in_2015,2015,3.759334784701081,rush,in_2015
washington_in_2015,2015,3.1540751592572573,washington,in_2015
mccook_sd_2010,2010,2.918696416029104,mccook,sd_2010
clark_in_2013,2013,3.5575815762198064,clark,in_2013
champaign_il_2014,2014,4.29061823370177,champaign,il_2014
greene_oh_2007,2007,3.4029041163841627,greene,oh_2007
franklin_ia_2007,2007,3.4096292233335386,franklin,ia_2007
scott_ks_2010,2010,2.9859474855228623,scott,ks_2010
worth_mo_2007,2007,2.7572938492440846,worth,mo_2007
dunklin_mo_2009,2009,2.8581704534847217,dunklin,mo_2009
jackson_in_2009,2009,2.8581704534847217,jackson,in_2009
morgan_oh_2007,2007,2.535365319914683,morgan,oh_2007
chickasaw_ia_2009,2009,3.127174731459754,chickasaw,ia_2009
washington_il_2015,2015,2.9254215229784797,washington,il_2015
douglas_ks_2015,2015,2.777469170092212,douglas,ks_2015
clay_ar_2016,2016,3.1473500523078815,clay,ar_2016
clay_ar_2005,2005,2.488289571269052,clay,ar_2005
dearborn_in_2010,2010,2.4748393573703,dearborn,in_2010
reno_ks_2009,2009,2.7236683144972056,reno,ks_2009
neosho_ks_2010,2010,1.755252913787088,neosho,ks_2010
buchanan_ia_2009,2009,2.959047057725359,buchanan,ia_2009
sangamon_il_2007,2007,3.4298045441816662,sangamon,il_2007
kearney_ne_2014,2014,3.9274624584354765,kearney,ne_2014
franklin_ne_2011,2011,4.041789276574866,franklin,ne_2011
cowley_ks_2009,2009,2.9254215229784797,cowley,ks_2009
holmes_oh_2012,2012,2.7640189561934605,holmes,oh_2012
guthrie_ia_2010,2010,3.3625534746879078,guthrie,ia_2010
sumner_ks_2009,2009,2.656417245003447,sumner,ks_2009
mcdonough_il_2005,2005,3.2953024051941497,mcdonough,il_2005
muskingum_oh_2011,2011,3.254951763497895,muskingum,oh_2011
dakota_mn_2010,2010,3.4230794372322904,dakota,mn_2010
furnas_ne_2005,2005,3.322202832991653,furnas,ne_2005
hodgeman_ks_2011,2011,2.992672592472238,hodgeman,ks_2011
dubois_in_2009,2009,2.992672592472238,dubois,in_2009
porter_in_2012,2012,3.6786335013085716,porter,in_2012
grant_sd_2006,2006,1.9771814431164898,grant,sd_2006
monroe_mo_2016,2016,3.6517330735110676,monroe,mo_2016
wayne_il_2014,2014,3.436529651131042,wayne,il_2014
dickey_nd_2013,2013,1.9839065500658657,dickey,nd_2013
antelope_ne_2013,2013,3.7727849985998327,antelope,ne_2013
desha_ar_2008,2008,2.8581704534847217,desha,ar_2008
watonwan_mn_2014,2014,3.5172309345235515,watonwan,mn_2014
sherman_ne_2006,2006,3.5979322179160613,sherman,ne_2006
renville_mn_2009,2009,3.093549196712875,renville,mn_2009
butler_ia_2016,2016,4.0619645974229925,butler,ia_2016
vermilion_il_2016,2016,4.3444190892967764,vermilion,il_2016
clay_ar_2009,2009,2.7236683144972056,clay,ar_2009
floyd_ia_2015,2015,3.9005620306379734,floyd,ia_2015
nelson_nd_2011,2011,1.89648015972398,nelson,nd_2011
todd_sd_2005,2005,2.071332940407751,todd,sd_2005
bartholomew_in_2013,2013,3.3760036885866596,bartholomew,in_2013
schuyler_mo_2008,2008,1.8157788763314702,schuyler,mo_2008
mcleod_mn_2013,2013,2.911971309079728,mcleod,mn_2013
williamson_il_2006,2006,2.7572938492440846,williamson,il_2006
scott_ia_2010,2010,3.5239560414729274,scott,ia_2010
shelby_ia_2005,2005,3.6315577526629403,shelby,ia_2005
roseau_mn_2014,2014,1.9839065500658657,roseau,mn_2014
kendall_il_2008,2008,3.1608002662066332,kendall,il_2008
richardson_ne_2012,2012,2.629516817205944,richardson,ne_2012
edwards_ks_2006,2006,3.766059891650457,edwards,ks_2006
defiance_oh_2005,2005,2.7236683144972056,defiance,oh_2005
white_il_2011,2011,2.7572938492440846,white,il_2011
lincoln_ne_2016,2016,4.008163741827986,lincoln,ne_2016
greene_ia_2013,2013,2.4546640365221726,greene,ia_2013
keith_ne_2007,2007,4.169566308613006,keith,ne_2007
lawrence_mo_2008,2008,2.3537874322815355,lawrence,mo_2008
jo daviess_il_2009,2009,3.093549196712875,jo daviess,il_2009
ellsworth_ks_2010,2010,1.5736750261539407,ellsworth,ks_2010
nobles_mn_2012,2012,3.167525373156009,nobles,mn_2012
butler_mo_2012,2012,2.972497271624111,butler,mo_2012
daviess_in_2009,2009,3.2953024051941497,daviess,in_2009
clinton_ia_2016,2016,4.055239490473617,clinton,ia_2016
osborne_ks_2010,2010,1.9906316570152416,osborne,ks_2010
clay_ne_2013,2013,2.9321466299278556,clay,ne_2013
corson_sd_2015,2015,1.721627379040209,corson,sd_2015
mississippi_ar_2013,2013,2.7909193839909636,mississippi,ar_2013
rush_ks_2015,2015,2.515189999066555,rush,ks_2015
wabash_il_2011,2011,3.066648768915372,wabash,il_2011
perry_ar_2006,2006,2.488289571269052,perry,ar_2006
sargent_nd_2011,2011,1.9570061222683626,sargent,nd_2011
ellsworth_ks_2006,2006,1.277770320381405,ellsworth,ks_2006
henry_il_2010,2010,3.8064105333467118,henry,il_2010
geauga_oh_2014,2014,3.1137245175610024,geauga,oh_2014
mcdonough_il_2011,2011,3.9341875653848524,mcdonough,il_2011
jackson_il_2008,2008,2.8917959882316007,jackson,il_2008
pocahontas_ia_2011,2011,3.382728795536035,pocahontas,ia_2011
morrison_mn_2015,2015,3.4298045441816662,morrison,mn_2015
miner_sd_2005,2005,2.192384865496516,miner,sd_2005
colfax_ne_2005,2005,3.059923661965996,colfax,ne_2005
wilkin_mn_2006,2006,2.488289571269052,wilkin,mn_2006
callaway_mo_2010,2010,3.0195730202697413,callaway,mo_2010
pennington_mn_2016,2016,2.696767886699702,pennington,mn_2016
stark_il_2009,2009,3.093549196712875,stark,il_2009
wells_in_2015,2015,2.7909193839909636,wells,in_2015
brown_sd_2008,2008,2.219285293294019,brown,sd_2008
clay_ia_2012,2012,3.3692785816372837,clay,ia_2012
adair_ia_2008,2008,3.059923661965996,adair,ia_2008
ross_oh_2009,2009,3.5306811484223033,ross,oh_2009
clay_in_2007,2007,3.2415015495991435,clay,in_2007
arkansas_ar_2014,2014,3.7055339291060747,arkansas,ar_2014
pike_il_2009,2009,3.2280513357003917,pike,il_2009
boone_il_2012,2012,2.9523219507759833,boone,il_2012
logan_oh_2012,2012,3.315477726042277,logan,oh_2012
steele_mn_2005,2005,3.5643066831691823,steele,mn_2005
champaign_oh_2014,2014,3.6719083943591957,champaign,oh_2014
scott_mn_2012,2012,3.254951763497895,scott,mn_2012
renville_mn_2005,2005,3.3625534746879078,renville,mn_2005
posey_in_2014,2014,3.887111816739221,posey,in_2014
york_ne_2014,2014,4.1359407738661265,york,ne_2014
harrison_oh_2008,2008,2.2529108280408985,harrison,oh_2008
union_ia_2012,2012,2.226010400243395,union,ia_2012
pottawatomie_ks_2015,2015,2.7976444909403395,pottawatomie,ks_2015
mcintosh_nd_2007,2007,2.2058350793952672,mcintosh,nd_2007
boyd_ne_2014,2014,3.3356530468904046,boyd,ne_2014
fulton_in_2010,2010,3.389453902485411,fulton,in_2010
kankakee_il_2009,2009,3.093549196712875,kankakee,il_2009
franklin_ne_2008,2008,3.698808822156699,franklin,ne_2008
logan_il_2006,2006,3.4970556136754243,logan,il_2006
page_ia_2008,2008,2.521915106015931,page,ia_2008
franklin_ia_2009,2009,3.3289279399410288,franklin,ia_2009
owen_in_2010,2010,2.972497271624111,owen,in_2010
sarpy_ne_2013,2013,3.221326228751016,sarpy,ne_2013
polk_ia_2011,2011,3.5508564692704305,polk,ia_2011
gage_ne_2006,2006,3.0868240897634993,gage,ne_2006
franklin_ks_2014,2014,2.078058047357127,franklin,ks_2014
stutsman_nd_2006,2006,2.1385840099015097,stutsman,nd_2006
marshall_mn_2011,2011,2.145309116850885,marshall,mn_2011
jefferson_ar_2016,2016,3.5037807206248,jefferson,ar_2016
johnson_ia_2013,2013,3.1137245175610024,johnson,ia_2013
lafayette_mo_2009,2009,3.396179009434787,lafayette,mo_2009
madison_oh_2013,2013,3.7391594638529537,madison,oh_2013
brown_ne_2016,2016,4.0619645974229925,brown,ne_2016
blackford_in_2006,2006,3.4298045441816662,blackford,in_2006
crawford_mo_2015,2015,2.4008631809271663,crawford,mo_2015
miami_oh_2014,2014,3.6719083943591957,miami,oh_2014
deuel_sd_2014,2014,2.9792223785734864,deuel,sd_2014
montgomery_ia_2010,2010,3.3423781538397805,montgomery,ia_2010
lee_ia_2008,2008,2.8581704534847217,lee,ia_2008
scioto_oh_2012,2012,2.3067116836359047,scioto,oh_2012
sangamon_il_2015,2015,4.08213991827112,sangamon,il_2015
cass_il_2007,2007,2.8917959882316007,cass,il_2007
meeker_mn_2010,2010,3.2616768704472707,meeker,mn_2010
defiance_oh_2016,2016,3.571031790118558,defiance,oh_2016
grant_in_2016,2016,3.9879884209798586,grant,in_2016
grundy_ia_2016,2016,4.398219944891784,grundy,ia_2016
hancock_in_2006,2006,3.3423781538397805,hancock,in_2006
woodbury_ia_2007,2007,3.033023234168493,woodbury,ia_2007
highland_oh_2016,2016,3.436529651131042,highland,oh_2016
dubois_in_2010,2010,2.965772164674735,dubois,in_2010
nemaha_ks_2014,2014,2.8178198117884667,nemaha,ks_2014
dubuque_ia_2008,2008,2.992672592472238,dubuque,ia_2008
sullivan_mo_2011,2011,2.4748393573703,sullivan,mo_2011
sargent_nd_2009,2009,2.219285293294019,sargent,nd_2009
blackford_in_2014,2014,3.1137245175610024,blackford,in_2014
smith_ks_2005,2005,2.690042779750326,smith,ks_2005
ford_il_2012,2012,2.777469170092212,ford,il_2012
walsh_nd_2011,2011,2.0309822987114963,walsh,nd_2011
brown_ne_2012,2012,3.766059891650457,brown,ne_2012
lawrence_il_2008,2008,2.7572938492440846,lawrence,il_2008
lake_il_2015,2015,2.959047057725359,lake,il_2015
tazewell_il_2007,2007,3.5643066831691823,tazewell,il_2007
white_ar_2010,2010,1.4122724593689213,white,ar_2010
jay_in_2014,2014,3.6517330735110676,jay,in_2014
montgomery_ks_2010,2010,1.9166554805721074,montgomery,ks_2010
shelby_mo_2006,2006,2.8245449187378426,shelby,mo_2006
wapello_ia_2009,2009,3.127174731459754,wapello,ia_2009
holmes_oh_2009,2009,3.2280513357003917,holmes,oh_2009
shelby_mo_2009,2009,2.959047057725359,shelby,mo_2009
worth_mo_2015,2015,2.568990854661562,worth,mo_2015
wayne_mo_2011,2011,2.2461857210915226,wayne,mo_2011
martin_mn_2011,2011,3.2616768704472707,martin,mn_2011
wood_oh_2009,2009,3.4298045441816662,wood,oh_2009
greene_mo_2013,2013,2.696767886699702,greene,mo_2013
hamilton_il_2016,2016,3.100274303662251,hamilton,il_2016
mcpherson_sd_2006,2006,1.1163677535963856,mcpherson,sd_2006
yankton_sd_2011,2011,2.6833176728009502,yankton,sd_2011
wells_in_2007,2007,3.315477726042277,wells,in_2007
stark_oh_2011,2011,3.2078760148522645,stark,oh_2011
rock island_il_2010,2010,3.355828367738532,rock island,il_2010
stutsman_nd_2011,2011,1.930105694470859,stutsman,nd_2011
ashley_ar_2012,2012,3.3760036885866596,ashley,ar_2012
warren_il_2005,2005,3.3625534746879078,warren,il_2005
ottawa_ks_2012,2012,1.3315711759764115,ottawa,ks_2012
ottawa_ks_2007,2007,1.7485278068377121,ottawa,ks_2007
lewis_mo_2010,2010,2.7640189561934605,lewis,mo_2010
perry_mo_2007,2007,2.152034223800261,perry,mo_2007
porter_in_2009,2009,2.9254215229784797,porter,in_2009
dickinson_ia_2013,2013,3.00612280637099,dickinson,ia_2013
monroe_ar_2013,2013,2.8985210951809766,monroe,ar_2013
cedar_ia_2015,2015,3.826585854194839,cedar,ia_2015
wabash_il_2014,2014,3.4836053997766725,wabash,il_2014
phelps_ne_2012,2012,4.384769730993032,phelps,ne_2012
kingman_ks_2013,2013,2.3874129670284145,kingman,ks_2013
corson_sd_2011,2011,2.501739785167804,corson,sd_2011
lincoln_ar_2007,2007,2.690042779750326,lincoln,ar_2007
sedgwick_ks_2014,2014,2.145309116850885,sedgwick,ks_2014
cross_ar_2008,2008,2.589166175509689,cross,ar_2008
woodruff_ar_2016,2016,2.4008631809271663,woodruff,ar_2016
wilkin_mn_2010,2010,2.468114250420925,wilkin,mn_2010
dickey_nd_2012,2012,2.2999865766865293,dickey,nd_2012
ashtabula_oh_2005,2005,3.2280513357003917,ashtabula,oh_2005
black hawk_ia_2011,2011,3.7458845708023296,black hawk,ia_2011
marion_ia_2012,2012,3.066648768915372,marion,ia_2012
cottonwood_mn_2008,2008,2.8917959882316007,cottonwood,mn_2008
livingston_il_2009,2009,3.4298045441816662,livingston,il_2009
butler_ia_2009,2009,3.2280513357003917,butler,ia_2009
sanborn_sd_2015,2015,2.959047057725359,sanborn,sd_2015
stafford_ks_2016,2016,3.2751270843460225,stafford,ks_2016
washington_mn_2006,2006,3.2280513357003917,washington,mn_2006
hendricks_in_2015,2015,3.4970556136754243,hendricks,in_2015
chickasaw_ia_2014,2014,3.13389983840913,chickasaw,ia_2014
york_ne_2016,2016,4.525996976929924,york,ne_2016
coshocton_oh_2014,2014,3.5037807206248,coshocton,oh_2014
posey_in_2015,2015,3.853486281992342,posey,in_2015
dakota_ne_2016,2016,3.9543628862329796,dakota,ne_2016
stafford_ks_2013,2013,3.140624945358506,stafford,ks_2013
ogle_il_2010,2010,3.8064105333467118,ogle,il_2010
polk_ne_2011,2011,3.860211388941718,polk,ne_2011
clark_ks_2006,2006,2.084783154306503,clark,ks_2006
ford_il_2005,2005,3.3625534746879078,ford,il_2005
clark_il_2009,2009,2.622791710256568,clark,il_2009
boone_ia_2011,2011,3.443254758080418,boone,ia_2011
conway_ar_2009,2009,2.4210385017752936,conway,ar_2009
vanderburgh_in_2006,2006,3.140624945358506,vanderburgh,in_2006
scott_ia_2014,2014,4.014888848777362,scott,ia_2014
gray_ks_2014,2014,3.5508564692704305,gray,ks_2014
iowa_ia_2014,2014,3.5912071109666854,iowa,ia_2014
carroll_oh_2015,2015,1.6880018442933298,carroll,oh_2015
boone_il_2011,2011,4.00143863487861,boone,il_2011
nodaway_mo_2005,2005,3.416354330282914,nodaway,mo_2005
sebastian_ar_2008,2008,1.8830299458252284,sebastian,ar_2008
stephenson_il_2006,2006,3.698808822156699,stephenson,il_2006
keokuk_ia_2016,2016,3.87366160284047,keokuk,ia_2016
owen_in_2008,2008,2.521915106015931,owen,in_2008
mercer_oh_2014,2014,4.183016522511758,mercer,oh_2014
vermilion_il_2014,2014,4.20991695030926,vermilion,il_2014
hall_ne_2009,2009,3.66518328740982,hall,ne_2009
linn_ks_2011,2011,1.1499932883432646,linn,ks_2011
fulton_il_2012,2012,3.0800989828141234,fulton,il_2012
lincoln_sd_2011,2011,2.548815533813434,lincoln,sd_2011
maries_mo_2010,2010,2.7169432075478297,maries,mo_2010
story_ia_2015,2015,3.4298045441816662,story,ia_2015
lee_ia_2009,2009,3.2616768704472707,lee,ia_2009
parke_in_2008,2008,2.992672592472238,parke,in_2008
fayette_ia_2016,2016,4.223367164208012,fayette,ia_2016
ashley_ar_2014,2014,3.7795101055492086,ashley,ar_2014
miami_ks_2006,2006,2.152034223800261,miami,ks_2006
putnam_il_2010,2010,3.4634300789285453,putnam,il_2010
sioux_ia_2005,2005,3.8938369236885975,sioux,ia_2005
faulkner_ar_2006,2006,2.219285293294019,faulkner,ar_2006
miller_mo_2015,2015,2.777469170092212,miller,mo_2015
wayne_oh_2005,2005,3.470155185877921,wayne,oh_2005
spencer_in_2011,2011,2.535365319914683,spencer,in_2011
allamakee_ia_2015,2015,3.6382828596123162,allamakee,ia_2015
sibley_mn_2013,2013,3.1608002662066332,sibley,mn_2013
cass_mo_2013,2013,2.3941380739777904,cass,mo_2013
kearney_ne_2010,2010,3.9072871375873492,kearney,ne_2010
franklin_il_2007,2007,1.6812767373439539,franklin,il_2007
hancock_oh_2015,2015,3.221326228751016,hancock,oh_2015
neosho_ks_2007,2007,1.4795235288626796,neosho,ks_2007
howard_mo_2010,2010,2.972497271624111,howard,mo_2010
allen_ks_2007,2007,1.0760171119001305,allen,ks_2007
darke_oh_2008,2008,2.7236683144972056,darke,oh_2008
hendricks_in_2009,2009,3.5643066831691823,hendricks,in_2009
henry_ia_2011,2011,2.992672592472238,henry,ia_2011
beadle_sd_2007,2007,3.0800989828141234,beadle,sd_2007
bremer_ia_2009,2009,3.4298045441816662,bremer,ia_2009
sebastian_ar_2006,2006,1.7485278068377121,sebastian,ar_2006
vermilion_il_2012,2012,3.13389983840913,vermilion,il_2012
chase_ne_2011,2011,3.0800989828141234,chase,ne_2011
davis_ia_2013,2013,2.4748393573703,davis,ia_2013
lancaster_ne_2015,2015,3.470155185877921,lancaster,ne_2015
macon_mo_2009,2009,3.059923661965996,macon,mo_2009
lyon_ia_2010,2010,3.6786335013085716,lyon,ia_2010
adams_ne_2009,2009,3.866936495891094,adams,ne_2009
traill_nd_2015,2015,2.55554064076281,traill,nd_2015
mahaska_ia_2015,2015,3.7391594638529537,mahaska,ia_2015
palo alto_ia_2011,2011,3.389453902485411,palo alto,ia_2011
jasper_mo_2010,2010,2.2663610419396503,jasper,mo_2010
todd_mn_2010,2010,2.656417245003447,todd,mn_2010
ohio_in_2015,2015,3.221326228751016,ohio,in_2015
morrow_oh_2006,2006,3.2415015495991435,morrow,oh_2006
howard_ne_2012,2012,3.167525373156009,howard,ne_2012
independence_ar_2009,2009,1.9166554805721074,independence,ar_2009
adams_oh_2006,2006,2.9388717368772315,adams,oh_2006
kosciusko_in_2014,2014,3.416354330282914,kosciusko,in_2014
ogle_il_2012,2012,3.416354330282914,ogle,il_2012
ida_ia_2012,2012,3.4230794372322904,ida,ia_2012
ripley_mo_2009,2009,2.017532084812745,ripley,mo_2009
douglas_ks_2010,2010,2.3201618975346565,douglas,ks_2010
ralls_mo_2008,2008,2.3874129670284145,ralls,mo_2008
boone_ia_2005,2005,3.786235212498584,boone,ia_2005
pike_mo_2009,2009,2.656417245003447,pike,mo_2009
faribault_mn_2011,2011,3.127174731459754,faribault,mn_2011
dubuque_ia_2007,2007,3.645007966561692,dubuque,ia_2007
hamilton_ne_2008,2008,3.9678131001317314,hamilton,ne_2008
muskingum_oh_2010,2010,2.9792223785734864,muskingum,oh_2010
drew_ar_2006,2006,2.017532084812745,drew,ar_2006
osceola_ia_2009,2009,3.396179009434787,osceola,ia_2009
madison_ne_2010,2010,3.571031790118558,madison,ne_2010
renville_mn_2016,2016,3.725709249954202,renville,mn_2016
pipestone_mn_2012,2012,2.7505687422947087,pipestone,mn_2012
miami_ks_2005,2005,2.2865363627877775,miami,ks_2005
lincoln_mn_2010,2010,3.0128479133203654,lincoln,mn_2010
grundy_il_2015,2015,3.577756897067934,grundy,il_2015
boone_mo_2010,2010,2.7707440631428364,boone,mo_2010
sac_ia_2008,2008,3.396179009434787,sac,ia_2008
hamilton_oh_2008,2008,2.3874129670284145,hamilton,oh_2008
linn_mo_2005,2005,2.078058047357127,linn,mo_2005
putnam_oh_2008,2008,2.2529108280408985,putnam,oh_2008
fayette_ia_2005,2005,3.947637779283604,fayette,ia_2005
clay_mo_2013,2013,3.026298127219117,clay,mo_2013
schuyler_mo_2007,2007,2.622791710256568,schuyler,mo_2007
chicot_ar_2009,2009,2.3874129670284145,chicot,ar_2009
mahaska_ia_2006,2006,3.3625534746879078,mahaska,ia_2006
watonwan_mn_2012,2012,3.288577298244774,watonwan,mn_2012
vanderburgh_in_2009,2009,3.3625534746879078,vanderburgh,in_2009
coffey_ks_2009,2009,2.4546640365221726,coffey,ks_2009
chippewa_mn_2005,2005,3.1608002662066332,chippewa,mn_2005
wadena_mn_2007,2007,2.017532084812745,wadena,mn_2007
thayer_ne_2008,2008,3.799685426397336,thayer,ne_2008
greene_oh_2016,2016,4.068689704372368,greene,oh_2016
polk_ia_2015,2015,3.5239560414729274,polk,ia_2015
osborne_ks_2005,2005,2.7572938492440846,osborne,ks_2005
barton_mo_2006,2006,1.4122724593689213,barton,mo_2006
cottonwood_mn_2007,2007,3.2280513357003917,cottonwood,mn_2007
conway_ar_2008,2008,2.118408689053382,conway,ar_2008
gallia_oh_2011,2011,3.0464734480672444,gallia,oh_2011
marion_ks_2011,2011,0.7128613366338364,marion,ks_2011
edwards_il_2007,2007,1.8830299458252284,edwards,il_2007
yell_ar_2005,2005,2.084783154306503,yell,ar_2005
lucas_oh_2011,2011,3.1204496245103783,lucas,oh_2011
riley_ks_2013,2013,2.8245449187378426,riley,ks_2013
howard_ne_2010,2010,3.887111816739221,howard,ne_2010
coshocton_oh_2013,2013,3.2415015495991435,coshocton,oh_2013
randolph_mo_2013,2013,1.788878448533967,randolph,mo_2013
norton_ks_2010,2010,1.6543763095464508,norton,ks_2010
nemaha_ne_2006,2006,2.3874129670284145,nemaha,ne_2006
bon homme_sd_2007,2007,2.622791710256568,bon homme,sd_2007
miami_oh_2009,2009,3.5979322179160613,miami,oh_2009
lancaster_ne_2010,2010,2.9321466299278556,lancaster,ne_2010
kane_il_2013,2013,3.833310961144215,kane,il_2013
parke_in_2005,2005,3.416354330282914,parke,in_2005
randolph_mo_2016,2016,3.6517330735110676,randolph,mo_2016
ringgold_ia_2006,2006,2.8245449187378426,ringgold,ia_2006
franklin_il_2006,2006,2.8245449187378426,franklin,il_2006
scott_ia_2009,2009,3.6315577526629403,scott,ia_2009
charles mix_sd_2007,2007,2.9388717368772315,charles mix,sd_2007
phelps_ne_2006,2006,3.9678131001317314,phelps,ne_2006
buchanan_ia_2014,2014,3.3289279399410288,buchanan,ia_2014
hamilton_ne_2014,2014,4.216642057258636,hamilton,ne_2014
pulaski_in_2009,2009,2.690042779750326,pulaski,in_2009
fillmore_ne_2013,2013,3.8803867097898457,fillmore,ne_2013
marion_ks_2008,2008,2.219285293294019,marion,ks_2008
furnas_ne_2012,2012,2.515189999066555,furnas,ne_2012
clermont_oh_2006,2006,2.9254215229784797,clermont,oh_2006
rock_ne_2013,2013,3.5172309345235515,rock,ne_2013
adams_ne_2011,2011,4.418395265739911,adams,ne_2011
putnam_oh_2015,2015,3.039748341117869,putnam,oh_2015
tippecanoe_in_2009,2009,3.4634300789285453,tippecanoe,in_2009
stearns_mn_2008,2008,2.4210385017752936,stearns,mn_2008
miner_sd_2011,2011,2.4277636087246695,miner,sd_2011
richland_oh_2007,2007,3.221326228751016,richland,oh_2007
lee_il_2012,2012,3.5306811484223033,lee,il_2012
cross_ar_2015,2015,3.2415015495991435,cross,ar_2015
ashley_ar_2006,2006,1.8157788763314702,ashley,ar_2006
vigo_in_2012,2012,2.071332940407751,vigo,in_2012
putnam_oh_2009,2009,3.026298127219117,putnam,oh_2009
lee_ia_2007,2007,3.2751270843460225,lee,ia_2007
allen_oh_2012,2012,3.5912071109666854,allen,oh_2012
keith_ne_2010,2010,3.9409126723342283,keith,ne_2010
columbiana_oh_2011,2011,3.389453902485411,columbiana,oh_2011
saline_il_2009,2009,3.026298127219117,saline,il_2009
moultrie_il_2012,2012,3.059923661965996,moultrie,il_2012
atchison_ks_2014,2014,3.396179009434787,atchison,ks_2014
hennepin_mn_2010,2010,3.127174731459754,hennepin,mn_2010
wayne_in_2005,2005,3.315477726042277,wayne,in_2005
loup_ne_2005,2005,3.759334784701081,loup,ne_2005
warren_il_2008,2008,3.766059891650457,warren,il_2008
knox_il_2007,2007,3.4298045441816662,knox,il_2007
lucas_oh_2015,2015,3.2280513357003917,lucas,oh_2015
macon_il_2007,2007,3.5643066831691823,macon,il_2007
morris_ks_2010,2010,1.6140256678501959,morris,ks_2010
jennings_in_2005,2005,3.3423781538397805,jennings,in_2005
allen_in_2006,2006,3.470155185877921,allen,in_2006
clark_il_2015,2015,4.041789276574866,clark,il_2015
shelby_in_2010,2010,3.2280513357003917,shelby,in_2010
washington_in_2012,2012,2.2999865766865293,washington,in_2012
chariton_mo_2014,2014,3.106999410611627,chariton,mo_2014
winneshiek_ia_2014,2014,3.3692785816372837,winneshiek,ia_2014
franklin_oh_2006,2006,3.4634300789285453,franklin,oh_2006
warren_in_2013,2013,3.6315577526629403,warren,in_2013
nodaway_mo_2015,2015,2.7102181005984534,nodaway,mo_2015
mahaska_ia_2008,2008,3.1944258009535127,mahaska,ia_2008
fremont_ia_2008,2008,2.7909193839909636,fremont,ia_2008
mississippi_ar_2016,2016,3.288577298244774,mississippi,ar_2016
pottawatomie_ks_2014,2014,2.8648955604340975,pottawatomie,ks_2014
marion_oh_2011,2011,3.396179009434787,marion,oh_2011
wabash_il_2006,2006,3.1608002662066332,wabash,il_2006
franklin_il_2012,2012,1.8763048388758525,franklin,il_2012
dallas_mo_2015,2015,2.8648955604340975,dallas,mo_2015
moody_sd_2008,2008,2.622791710256568,moody,sd_2008
lac qui parle_mn_2010,2010,3.0531985550166203,lac qui parle,mn_2010
wayne_oh_2009,2009,3.5306811484223033,wayne,oh_2009
seward_ks_2014,2014,4.236817378106764,seward,ks_2014
nelson_nd_2012,2012,2.192384865496516,nelson,nd_2012
miner_sd_2009,2009,3.1944258009535127,miner,sd_2009
desha_ar_2012,2012,3.604657324865437,desha,ar_2012
dawson_ne_2008,2008,3.698808822156699,dawson,ne_2008
piatt_il_2014,2014,4.66049911591744,piatt,il_2014
carroll_in_2006,2006,3.8467611750429667,carroll,in_2006
marion_mo_2009,2009,3.059923661965996,marion,mo_2009
benson_nd_2012,2012,2.1654844376990128,benson,nd_2012
wayne_in_2009,2009,3.66518328740982,wayne,in_2009
montgomery_il_2015,2015,3.8064105333467118,montgomery,il_2015
labette_ks_2011,2011,0.9684154007101174,labette,ks_2011
yell_ar_2014,2014,2.071332940407751,yell,ar_2014
stephenson_il_2008,2008,3.026298127219117,stephenson,il_2008
geary_ks_2008,2008,2.3874129670284145,geary,ks_2008
tipton_in_2008,2008,3.799685426397336,tipton,in_2008
doniphan_ks_2006,2006,3.4298045441816662,doniphan,ks_2006
hocking_oh_2013,2013,3.1137245175610024,hocking,oh_2013
fillmore_mn_2013,2013,3.0195730202697413,fillmore,mn_2013
douglas_sd_2006,2006,2.7303934214465815,douglas,sd_2006
houston_mn_2007,2007,3.093549196712875,houston,mn_2007
todd_mn_2007,2007,1.7485278068377121,todd,mn_2007
perry_oh_2009,2009,2.992672592472238,perry,oh_2009
wayne_il_2011,2011,2.3470623253321596,wayne,il_2011
orange_in_2011,2011,2.4479389295727967,orange,in_2011
cowley_ks_2016,2016,2.8514453465353458,cowley,ks_2016
ralls_mo_2006,2006,2.690042779750326,ralls,mo_2006
pipestone_mn_2011,2011,2.6093414963578163,pipestone,mn_2011
johnson_ia_2016,2016,3.799685426397336,johnson,ia_2016
prairie_ar_2016,2016,3.3625534746879078,prairie,ar_2016
humboldt_ia_2013,2013,2.9523219507759833,humboldt,ia_2013
logan_oh_2007,2007,3.544131362321055,logan,oh_2007
big stone_mn_2011,2011,2.2461857210915226,big stone,mn_2011
dundy_ne_2007,2007,4.03506416962549,dundy,ne_2007
richland_nd_2014,2014,2.441213822623421,richland,nd_2014
fountain_in_2007,2007,3.382728795536035,fountain,in_2007
wayne_ne_2013,2013,3.66518328740982,wayne,ne_2013
worth_ia_2008,2008,3.059923661965996,worth,ia_2008
ogle_il_2006,2006,3.6315577526629403,ogle,il_2006
hancock_oh_2011,2011,3.4230794372322904,hancock,oh_2011
osborne_ks_2009,2009,2.55554064076281,osborne,ks_2009
pulaski_ar_2010,2010,1.6880018442933298,pulaski,ar_2010
kingsbury_sd_2009,2009,2.690042779750326,kingsbury,sd_2009
jerauld_sd_2005,2005,1.936830801420235,jerauld,sd_2005
clermont_oh_2011,2011,3.3087526190929015,clermont,oh_2011
pawnee_ks_2012,2012,2.8985210951809766,pawnee,ks_2012
doniphan_ks_2010,2010,3.13389983840913,doniphan,ks_2010
davis_ia_2014,2014,3.073373875864748,davis,ia_2014
jasper_il_2007,2007,2.622791710256568,jasper,il_2007
washington_il_2009,2009,2.55554064076281,washington,il_2009
christian_il_2015,2015,4.048514383524242,christian,il_2015
walsh_nd_2008,2008,1.8830299458252284,walsh,nd_2008
traill_nd_2005,2005,2.2663610419396503,traill,nd_2005
guernsey_oh_2014,2014,3.1137245175610024,guernsey,oh_2014
rush_ks_2007,2007,2.488289571269052,rush,ks_2007
ford_il_2014,2014,3.9207373514861006,ford,il_2014
union_oh_2014,2014,3.2616768704472707,union,oh_2014
nobles_mn_2010,2010,3.416354330282914,nobles,mn_2010
jackson_oh_2015,2015,3.1608002662066332,jackson,oh_2015
nance_ne_2010,2010,3.577756897067934,nance,ne_2010
mower_mn_2006,2006,3.4970556136754243,mower,mn_2006
allamakee_ia_2007,2007,3.254951763497895,allamakee,ia_2007
clay_ar_2011,2011,2.7102181005984534,clay,ar_2011
scioto_oh_2011,2011,2.7505687422947087,scioto,oh_2011
edgar_il_2013,2013,3.887111816739221,edgar,il_2013
kane_il_2007,2007,3.3625534746879078,kane,il_2007
preble_oh_2016,2016,4.250267592005516,preble,oh_2016
faulk_sd_2009,2009,2.7236683144972056,faulk,sd_2009
kossuth_ia_2013,2013,2.8850708812822248,kossuth,ia_2013
lincoln_ne_2013,2013,3.9207373514861006,lincoln,ne_2013
mchenry_il_2014,2014,3.766059891650457,mchenry,il_2014
perkins_ne_2006,2006,4.095590132169872,perkins,ne_2006
dubois_in_2005,2005,3.470155185877921,dubois,in_2005
benton_in_2007,2007,3.6315577526629403,benton,in_2007
gallia_oh_2013,2013,3.396179009434787,gallia,oh_2013
effingham_il_2005,2005,2.622791710256568,effingham,il_2005
miner_sd_2007,2007,3.0868240897634993,miner,sd_2007
audubon_ia_2015,2015,3.887111816739221,audubon,ia_2015
boone_ne_2006,2006,3.5306811484223033,boone,ne_2006
randolph_mo_2011,2011,1.7956035554833427,randolph,mo_2011
jasper_in_2009,2009,3.059923661965996,jasper,in_2009
madison_ne_2011,2011,3.4836053997766725,madison,ne_2011
mclean_il_2008,2008,3.4298045441816662,mclean,il_2008
logan_il_2008,2008,3.3625534746879078,logan,il_2008
mitchell_ks_2016,2016,3.5912071109666854,mitchell,ks_2016
mcpherson_ks_2006,2006,2.084783154306503,mcpherson,ks_2006
kingsbury_sd_2006,2006,2.4344887156740453,kingsbury,sd_2006
dodge_mn_2006,2006,3.5643066831691823,dodge,mn_2006
linn_ia_2013,2013,3.106999410611627,linn,ia_2013
cavalier_nd_2005,2005,1.7485278068377121,cavalier,nd_2005
arkansas_ar_2011,2011,2.9792223785734864,arkansas,ar_2011
summit_oh_2009,2009,2.017532084812745,summit,oh_2009
red lake_mn_2007,2007,2.2865363627877775,red lake,mn_2007
winnebago_ia_2006,2006,3.5643066831691823,winnebago,ia_2006
sherman_ne_2008,2008,3.4634300789285453,sherman,ne_2008
wapello_ia_2012,2012,2.8379951326365944,wapello,ia_2012
edgar_il_2012,2012,2.616066603307192,edgar,il_2012
pembina_nd_2016,2016,2.5084648921171793,pembina,nd_2016
saline_ks_2005,2005,1.6812767373439539,saline,ks_2005
grant_in_2015,2015,3.0128479133203654,grant,in_2015
pettis_mo_2013,2013,2.4143133948259177,pettis,mo_2013
sandusky_oh_2012,2012,3.4903305067260484,sandusky,oh_2012
boyd_ne_2015,2015,3.396179009434787,boyd,ne_2015
dallas_mo_2014,2014,2.441213822623421,dallas,mo_2014
russell_ks_2005,2005,1.4122724593689213,russell,ks_2005
buchanan_ia_2006,2006,3.537406255371679,buchanan,ia_2006
scioto_oh_2013,2013,3.1608002662066332,scioto,oh_2013
lyon_ks_2005,2005,2.219285293294019,lyon,ks_2005
coshocton_oh_2006,2006,2.8716206673834734,coshocton,oh_2006
delaware_oh_2013,2013,3.4499798650297935,delaware,oh_2013
jefferson_in_2008,2008,2.488289571269052,jefferson,in_2008
clark_sd_2010,2010,1.8426793041289735,clark,sd_2010
sarpy_ne_2016,2016,4.095590132169872,sarpy,ne_2016
nemaha_ne_2011,2011,3.221326228751016,nemaha,ne_2011
tripp_sd_2011,2011,2.5757159616109373,tripp,sd_2011
stevens_mn_2010,2010,3.0128479133203654,stevens,mn_2010
traverse_mn_2008,2008,2.051157619559624,traverse,mn_2008
jefferson_ia_2005,2005,3.5508564692704305,jefferson,ia_2005
traill_nd_2013,2013,2.226010400243395,traill,nd_2013
kosciusko_in_2009,2009,3.1608002662066332,kosciusko,in_2009
fulton_il_2011,2011,3.3625534746879078,fulton,il_2011
ramsey_nd_2015,2015,1.674551630394578,ramsey,nd_2015
ashtabula_oh_2010,2010,3.355828367738532,ashtabula,oh_2010
wayne_in_2013,2013,3.4836053997766725,wayne,in_2013
tazewell_il_2009,2009,3.5643066831691823,tazewell,il_2009
holmes_oh_2011,2011,3.4096292233335386,holmes,oh_2011
pope_mn_2009,2009,2.521915106015931,pope,mn_2009
franklin_mo_2005,2005,2.2058350793952672,franklin,mo_2005
perry_mo_2006,2006,2.4210385017752936,perry,mo_2006
nodaway_mo_2016,2016,3.5912071109666854,nodaway,mo_2016
faulk_sd_2016,2016,2.3537874322815355,faulk,sd_2016
wells_nd_2013,2013,2.3067116836359047,wells,nd_2013
hardin_oh_2006,2006,3.389453902485411,hardin,oh_2006
perry_il_2011,2011,2.2730861488890257,perry,il_2011
barton_mo_2011,2011,1.3719218176726664,barton,mo_2011
hardin_ia_2011,2011,3.8064105333467118,hardin,ia_2011
preble_oh_2011,2011,2.811094704839091,preble,oh_2011
dundy_ne_2016,2016,4.16284120166363,dundy,ne_2016
marshall_ia_2016,2016,4.24354248505614,marshall,ia_2016
saline_il_2012,2012,2.010806977863369,saline,il_2012
hancock_il_2009,2009,3.3625534746879078,hancock,il_2009
gallatin_il_2005,2005,3.093549196712875,gallatin,il_2005
pottawatomie_ks_2007,2007,2.8917959882316007,pottawatomie,ks_2007
douglas_ks_2016,2016,3.100274303662251,douglas,ks_2016
clay_ne_2009,2009,3.698808822156699,clay,ne_2009
hanson_sd_2007,2007,2.911971309079728,hanson,sd_2007
furnas_ne_2010,2010,3.6181075387641886,furnas,ne_2010
cross_ar_2013,2013,3.167525373156009,cross,ar_2013
yankton_sd_2013,2013,3.476880292827297,yankton,sd_2013
muskingum_oh_2013,2013,3.3356530468904046,muskingum,oh_2013
greene_mo_2010,2010,2.017532084812745,greene,mo_2010
wright_ia_2005,2005,3.436529651131042,wright,ia_2005
howard_ne_2008,2008,3.4298045441816662,howard,ne_2008
jasper_mo_2011,2011,1.0087660424063725,jasper,mo_2011
wyandot_oh_2011,2011,3.396179009434787,wyandot,oh_2011
comanche_ks_2005,2005,2.959047057725359,comanche,ks_2005
floyd_in_2008,2008,2.2529108280408985,floyd,in_2008
gosper_ne_2005,2005,3.759334784701081,gosper,ne_2005
butler_mo_2016,2016,2.629516817205944,butler,mo_2016
johnson_ks_2007,2007,1.9502810153189867,johnson,ks_2007
emmons_nd_2016,2016,3.00612280637099,emmons,nd_2016
clay_il_2016,2016,3.5306811484223033,clay,il_2016
carroll_ia_2011,2011,3.510505827574176,carroll,ia_2011
chickasaw_ia_2007,2007,3.389453902485411,chickasaw,ia_2007
iroquois_il_2013,2013,3.3087526190929015,iroquois,il_2013
stevens_ks_2005,2005,2.219285293294019,stevens,ks_2005
ottawa_ks_2015,2015,2.10495847515463,ottawa,ks_2015
rock_mn_2007,2007,3.4298045441816662,rock,mn_2007
clermont_oh_2010,2010,2.7505687422947087,clermont,oh_2010
woodbury_ia_2014,2014,3.4836053997766725,woodbury,ia_2014
benton_ia_2014,2014,3.544131362321055,benton,ia_2014
harrison_mo_2009,2009,2.55554064076281,harrison,mo_2009
washington_mn_2012,2012,2.4479389295727967,washington,mn_2012
monroe_ar_2009,2009,2.4546640365221726,monroe,ar_2009
lonoke_ar_2010,2010,2.4075882878765418,lonoke,ar_2010
scott_mn_2008,2008,2.8245449187378426,scott,mn_2008
jefferson_mo_2005,2005,2.2394606141421463,jefferson,mo_2005
red lake_mn_2013,2013,2.178934651597764,red lake,mn_2013
adams_il_2012,2012,2.7371185283959574,adams,il_2012
arkansas_ar_2006,2006,3.093549196712875,arkansas,ar_2006
mercer_il_2007,2007,3.4298045441816662,mercer,il_2007
harlan_ne_2015,2015,4.102315239119248,harlan,ne_2015
shelby_il_2009,2009,3.2280513357003917,shelby,il_2009
cottonwood_mn_2009,2009,3.1608002662066332,cottonwood,mn_2009
renville_mn_2013,2013,3.315477726042277,renville,mn_2013
montgomery_in_2014,2014,4.2031918433598845,montgomery,in_2014
brown_mn_2016,2016,3.611382431814813,brown,mn_2016
madison_ia_2007,2007,3.6315577526629403,madison,ia_2007
winneshiek_ia_2011,2011,3.5306811484223033,winneshiek,ia_2011
scott_mo_2010,2010,2.8245449187378426,scott,mo_2010
ashland_oh_2014,2014,3.00612280637099,ashland,oh_2014
hanson_sd_2016,2016,3.2415015495991435,hanson,sd_2016
sherman_ne_2010,2010,3.8064105333467118,sherman,ne_2010
paulding_oh_2010,2010,2.7371185283959574,paulding,oh_2010
roberts_sd_2008,2008,2.118408689053382,roberts,sd_2008
kosciusko_in_2005,2005,2.7909193839909636,kosciusko,in_2005
cass_in_2005,2005,3.3020275121435256,cass,in_2005
whiteside_il_2006,2006,3.5643066831691823,whiteside,il_2006
putnam_in_2013,2013,3.544131362321055,putnam,in_2013
howard_in_2008,2008,3.732434356903578,howard,in_2008
mcleod_mn_2008,2008,2.9254215229784797,mcleod,mn_2008
palo alto_ia_2006,2006,3.4096292233335386,palo alto,ia_2006
sullivan_in_2007,2007,3.1540751592572573,sullivan,in_2007
randolph_in_2011,2011,3.1540751592572573,randolph,in_2011
ida_ia_2005,2005,3.577756897067934,ida,ia_2005
white_ar_2006,2006,1.8830299458252284,white,ar_2006
pike_mo_2012,2012,1.6476512025970749,pike,mo_2012
mower_mn_2009,2009,2.8245449187378426,mower,mn_2009
newton_in_2013,2013,3.2347764426497676,newton,in_2013
grand forks_nd_2014,2014,2.226010400243395,grand forks,nd_2014
logan_oh_2014,2014,3.389453902485411,logan,oh_2014
nemaha_ks_2012,2012,1.6880018442933298,nemaha,ks_2012
logan_ar_2014,2014,2.656417245003447,logan,ar_2014
johnson_ar_2006,2006,1.4795235288626796,johnson,ar_2006
hancock_in_2010,2010,3.2684019773966466,hancock,in_2010
colfax_ne_2014,2014,3.759334784701081,colfax,ne_2014
faulkner_ar_2016,2016,2.501739785167804,faulkner,ar_2016
warren_il_2006,2006,3.4298045441816662,warren,il_2006
sumner_ks_2016,2016,2.663142351952823,sumner,ks_2016
lac qui parle_mn_2016,2016,3.799685426397336,lac qui parle,mn_2016
sherman_ne_2009,2009,3.833310961144215,sherman,ne_2009
pike_oh_2005,2005,2.5420904268640583,pike,oh_2005
polk_mo_2006,2006,1.6812767373439539,polk,mo_2006
holt_mo_2010,2010,3.0868240897634993,holt,mo_2010
wells_nd_2006,2006,1.3046707481789082,wells,nd_2006
richland_nd_2009,2009,2.017532084812745,richland,nd_2009
fayette_il_2006,2006,2.690042779750326,fayette,il_2006
clay_ks_2009,2009,3.66518328740982,clay,ks_2009
york_ne_2015,2015,4.425120372689286,york,ne_2015
vermillion_in_2014,2014,4.08213991827112,vermillion,in_2014
macoupin_il_2014,2014,3.9005620306379734,macoupin,il_2014
faulk_sd_2013,2013,2.192384865496516,faulk,sd_2013
sarpy_ne_2010,2010,3.6248326457135644,sarpy,ne_2010
griggs_nd_2006,2006,2.010806977863369,griggs,nd_2006
perry_il_2015,2015,2.8850708812822248,perry,il_2015
mahaska_ia_2011,2011,3.544131362321055,mahaska,ia_2011
sangamon_il_2010,2010,4.0619645974229925,sangamon,il_2010
shawnee_ks_2009,2009,3.396179009434787,shawnee,ks_2009
benton_mo_2008,2008,2.589166175509689,benton,mo_2008
fayette_il_2005,2005,2.622791710256568,fayette,il_2005
pierce_nd_2005,2005,2.2394606141421463,pierce,nd_2005
benton_in_2016,2016,4.16284120166363,benton,in_2016
cass_il_2005,2005,3.093549196712875,cass,il_2005
perry_mo_2012,2012,2.1654844376990128,perry,mo_2012
decatur_ia_2012,2012,2.2730861488890257,decatur,ia_2012
thayer_ne_2015,2015,3.759334784701081,thayer,ne_2015
miami_in_2008,2008,3.093549196712875,miami,in_2008
franklin_oh_2016,2016,3.698808822156699,franklin,oh_2016
waseca_mn_2016,2016,4.142665880815502,waseca,mn_2016
ohio_in_2009,2009,2.8245449187378426,ohio,in_2009
aurora_sd_2007,2007,3.3087526190929015,aurora,sd_2007
franklin_mo_2006,2006,2.55554064076281,franklin,mo_2006
licking_oh_2014,2014,3.2616768704472707,licking,oh_2014
drew_ar_2007,2007,2.622791710256568,drew,ar_2007
lucas_oh_2014,2014,3.4096292233335386,lucas,oh_2014
hickory_mo_2008,2008,2.8245449187378426,hickory,mo_2008
renville_mn_2012,2012,3.0800989828141234,renville,mn_2012
muskingum_oh_2012,2012,3.248226656548519,muskingum,oh_2012
daviess_mo_2009,2009,2.656417245003447,daviess,mo_2009
lawrence_ar_2006,2006,2.3537874322815355,lawrence,ar_2006
pembina_nd_2008,2008,1.9502810153189867,pembina,nd_2008
hamilton_oh_2011,2011,2.9254215229784797,hamilton,oh_2011
isanti_mn_2014,2014,1.4458979941158003,isanti,mn_2014
saline_ks_2016,2016,2.8514453465353458,saline,ks_2016
jackson_il_2014,2014,3.1540751592572573,jackson,il_2014
norton_ks_2014,2014,1.9032052666733559,norton,ks_2014
washington_ne_2008,2008,2.3874129670284145,washington,ne_2008
daviess_mo_2016,2016,3.059923661965996,daviess,mo_2016
pulaski_in_2016,2016,3.3692785816372837,pulaski,in_2016
grand forks_nd_2011,2011,1.8897550527746043,grand forks,nd_2011
lafayette_mo_2013,2013,3.2751270843460225,lafayette,mo_2013
morrow_oh_2012,2012,3.254951763497895,morrow,oh_2012
howard_ia_2016,2016,3.826585854194839,howard,ia_2016
floyd_ia_2006,2006,3.355828367738532,floyd,ia_2006
beadle_sd_2008,2008,2.2865363627877775,beadle,sd_2008
roberts_sd_2006,2006,2.3739627531296628,roberts,sd_2006
todd_mn_2008,2008,1.9166554805721074,todd,mn_2008
phillips_ks_2013,2013,0.9415149729126142,phillips,ks_2013
colfax_ne_2008,2008,2.9254215229784797,colfax,ne_2008
harvey_ks_2014,2014,2.3403372183827837,harvey,ks_2014
miller_mo_2013,2013,2.528640212965307,miller,mo_2013
beadle_sd_2006,2006,1.862854624977101,beadle,sd_2006
fillmore_mn_2006,2006,3.4970556136754243,fillmore,mn_2006
hancock_oh_2010,2010,3.059923661965996,hancock,oh_2010
desha_ar_2016,2016,3.7458845708023296,desha,ar_2016
elkhart_in_2014,2014,3.544131362321055,elkhart,in_2014
steele_nd_2005,2005,2.2663610419396503,steele,nd_2005
holmes_oh_2008,2008,2.488289571269052,holmes,oh_2008
marshall_ks_2012,2012,1.8157788763314702,marshall,ks_2012
clay_ne_2007,2007,3.3692785816372837,clay,ne_2007
freeborn_mn_2015,2015,3.9409126723342283,freeborn,mn_2015
roseau_mn_2013,2013,2.3874129670284145,roseau,mn_2013
sullivan_mo_2007,2007,2.7572938492440846,sullivan,mo_2007
phillips_ks_2007,2007,2.55554064076281,phillips,ks_2007
holt_mo_2014,2014,3.4499798650297935,holt,mo_2014
le sueur_mn_2014,2014,2.9523219507759833,le sueur,mn_2014
norman_mn_2005,2005,2.4210385017752936,norman,mn_2005
chautauqua_ks_2010,2010,1.4727984219133035,chautauqua,ks_2010
furnas_ne_2014,2014,3.21460112180164,furnas,ne_2014
cumberland_il_2015,2015,3.9409126723342283,cumberland,il_2015
union_sd_2006,2006,2.972497271624111,union,sd_2006
nelson_nd_2010,2010,2.10495847515463,nelson,nd_2010
linn_ks_2015,2015,2.192384865496516,linn,ks_2015
warren_oh_2015,2015,3.718984143004826,warren,oh_2015
neosho_ks_2012,2012,1.4660733149639278,neosho,ks_2012
allen_in_2013,2013,3.4567049719791694,allen,in_2013
allen_in_2010,2010,2.945596843826607,allen,in_2010
pierce_nd_2011,2011,2.1722095446483882,pierce,nd_2011
livingston_mo_2011,2011,2.8716206673834734,livingston,mo_2011
hamilton_in_2009,2009,3.732434356903578,hamilton,in_2009
lawrence_oh_2011,2011,2.6833176728009502,lawrence,oh_2011
decatur_in_2013,2013,3.8131356402960876,decatur,in_2013
kingsbury_sd_2011,2011,2.6765925658515743,kingsbury,sd_2011
johnson_il_2006,2006,2.8245449187378426,johnson,il_2006
medina_oh_2006,2006,2.6093414963578163,medina,oh_2006
andrew_mo_2016,2016,3.349103260789156,andrew,mo_2016
menard_il_2010,2010,3.645007966561692,menard,il_2010
otoe_ne_2012,2012,1.9771814431164898,otoe,ne_2012
mississippi_ar_2007,2007,2.3537874322815355,mississippi,ar_2007
putnam_oh_2014,2014,3.5575815762198064,putnam,oh_2014
madison_in_2009,2009,3.4298045441816662,madison,in_2009
phelps_ne_2010,2010,4.4116701587905345,phelps,ne_2010
martin_in_2006,2006,3.221326228751016,martin,in_2006
burt_ne_2014,2014,3.140624945358506,burt,ne_2014
vermillion_in_2009,2009,3.2280513357003917,vermillion,in_2009
cottonwood_mn_2006,2006,3.2953024051941497,cottonwood,mn_2006
dakota_mn_2011,2011,2.8245449187378426,dakota,mn_2011
gibson_in_2009,2009,3.026298127219117,gibson,in_2009
allen_in_2015,2015,2.8716206673834734,allen,in_2015
vinton_oh_2013,2013,3.3625534746879078,vinton,oh_2013
hamlin_sd_2014,2014,3.322202832991653,hamlin,sd_2014
mcleod_mn_2010,2010,3.288577298244774,mcleod,mn_2010
johnson_in_2005,2005,3.732434356903578,johnson,in_2005
pawnee_ks_2010,2010,2.9321466299278556,pawnee,ks_2010
hutchinson_sd_2015,2015,3.3020275121435256,hutchinson,sd_2015
knox_il_2015,2015,4.250267592005516,knox,il_2015
clark_oh_2007,2007,3.4029041163841627,clark,oh_2007
andrew_mo_2010,2010,2.811094704839091,andrew,mo_2010
pennington_mn_2011,2011,2.044432512610248,pennington,mn_2011
vermillion_in_2008,2008,3.093549196712875,vermillion,in_2008
knox_oh_2007,2007,3.0464734480672444,knox,oh_2007
keokuk_ia_2012,2012,3.3020275121435256,keokuk,ia_2012
osage_mo_2012,2012,1.8830299458252284,osage,mo_2012
ray_mo_2012,2012,2.145309116850885,ray,mo_2012
scott_ia_2006,2006,3.7055339291060747,scott,ia_2006
meade_ks_2015,2015,4.3444190892967764,meade,ks_2015
marion_ks_2006,2006,1.8157788763314702,marion,ks_2006
carver_mn_2005,2005,3.2953024051941497,carver,mn_2005
jefferson_ar_2014,2014,3.5508564692704305,jefferson,ar_2014
parke_in_2015,2015,3.436529651131042,parke,in_2015
wright_ia_2007,2007,3.4567049719791694,wright,ia_2007
cuming_ne_2012,2012,2.024257191762121,cuming,ne_2012
madison_ia_2010,2010,3.2684019773966466,madison,ia_2010
whiteside_il_2011,2011,3.6719083943591957,whiteside,il_2011
greene_mo_2016,2016,2.7640189561934605,greene,mo_2016
lorain_oh_2015,2015,3.1540751592572573,lorain,oh_2015
seward_ne_2007,2007,3.7122590360554506,seward,ne_2007
jefferson_il_2009,2009,2.152034223800261,jefferson,il_2009
darke_oh_2016,2016,3.9207373514861006,darke,oh_2016
roberts_sd_2015,2015,2.663142351952823,roberts,sd_2015
lee_ia_2016,2016,4.16284120166363,lee,ia_2016
sargent_nd_2007,2007,2.4748393573703,sargent,nd_2007
crow wing_mn_2010,2010,2.1722095446483882,crow wing,mn_2010
athens_oh_2007,2007,2.7102181005984534,athens,oh_2007
pine_mn_2005,2005,1.6812767373439539,pine,mn_2005
republic_ks_2008,2008,3.2616768704472707,republic,ks_2008
benton_ia_2006,2006,3.537406255371679,benton,ia_2006
poinsett_ar_2011,2011,2.501739785167804,poinsett,ar_2011
hamilton_in_2015,2015,3.3692785816372837,hamilton,in_2015
henry_mo_2010,2010,2.568990854661562,henry,mo_2010
davison_sd_2010,2010,2.945596843826607,davison,sd_2010
sanborn_sd_2010,2010,2.84472023958597,sanborn,sd_2010
union_ia_2005,2005,3.4836053997766725,union,ia_2005
jefferson_in_2011,2011,2.7303934214465815,jefferson,in_2011
iowa_ia_2016,2016,3.8938369236885975,iowa,ia_2016
nelson_nd_2016,2016,2.3268870044840324,nelson,nd_2016
atchison_mo_2005,2005,3.571031790118558,atchison,mo_2005
jackson_sd_2005,2005,1.345021389875163,jackson,sd_2005
wayne_mo_2005,2005,2.044432512610248,wayne,mo_2005
nemaha_ne_2008,2008,2.4546640365221726,nemaha,ne_2008
perry_mo_2015,2015,3.2616768704472707,perry,mo_2015
gallia_oh_2005,2005,2.5084648921171793,gallia,oh_2005
woodson_ks_2010,2010,1.8023286624327186,woodson,ks_2010
pope_mn_2012,2012,3.093549196712875,pope,mn_2012
garden_ne_2013,2013,3.718984143004826,garden,ne_2013
cass_ia_2007,2007,3.396179009434787,cass,ia_2007
mclean_il_2006,2006,3.6315577526629403,mclean,il_2006
pawnee_ne_2011,2011,2.918696416029104,pawnee,ne_2011
allen_oh_2013,2013,3.1137245175610024,allen,oh_2013
butler_ks_2006,2006,1.9502810153189867,butler,ks_2006
henry_mo_2005,2005,2.125133796002758,henry,mo_2005
cerro gordo_ia_2006,2006,3.3020275121435256,cerro gordo,ia_2006
doniphan_ks_2008,2008,3.093549196712875,doniphan,ks_2008
stevens_mn_2016,2016,3.544131362321055,stevens,mn_2016
kittson_mn_2006,2006,2.3537874322815355,kittson,mn_2006
mahnomen_mn_2015,2015,2.501739785167804,mahnomen,mn_2015
thayer_ne_2016,2016,4.169566308613006,thayer,ne_2016
stark_il_2011,2011,4.00143863487861,stark,il_2011
sangamon_il_2006,2006,3.6315577526629403,sangamon,il_2006
sumner_ks_2012,2012,0.9078894381657351,sumner,ks_2012
grand forks_nd_2016,2016,2.703492993649078,grand forks,nd_2016
winona_mn_2013,2013,3.248226656548519,winona,mn_2013
adair_mo_2014,2014,3.3356530468904046,adair,mo_2014
prairie_ar_2009,2009,2.7909193839909636,prairie,ar_2009
rock island_il_2005,2005,2.959047057725359,rock island,il_2005
lewis_mo_2007,2007,2.488289571269052,lewis,mo_2007
clark_in_2007,2007,1.6947269512427054,clark,in_2007
gray_ks_2016,2016,4.57979783252493,gray,ks_2016
butler_mo_2007,2007,2.488289571269052,butler,mo_2007
bottineau_nd_2011,2011,1.8830299458252284,bottineau,nd_2011
nobles_mn_2011,2011,3.0800989828141234,nobles,mn_2011
defiance_oh_2009,2009,2.992672592472238,defiance,oh_2009
fayette_ia_2009,2009,2.8917959882316007,fayette,ia_2009
logan_ar_2010,2010,2.0982333682052543,logan,ar_2010
hall_ne_2008,2008,3.5643066831691823,hall,ne_2008
story_ia_2011,2011,3.476880292827297,story,ia_2011
licking_oh_2012,2012,2.878345774332849,licking,oh_2012
isanti_mn_2009,2009,1.7149022720908331,isanti,mn_2009
potter_sd_2011,2011,2.2461857210915226,potter,sd_2011
sullivan_mo_2005,2005,2.63624192415532,sullivan,mo_2005
maries_mo_2011,2011,2.017532084812745,maries,mo_2011
buchanan_ia_2010,2010,3.396179009434787,buchanan,ia_2010
van wert_oh_2015,2015,2.7236683144972056,van wert,oh_2015
washington_in_2013,2013,2.8245449187378426,washington,in_2013
thurston_ne_2008,2008,2.7909193839909636,thurston,ne_2008
hamlin_sd_2007,2007,2.8985210951809766,hamlin,sd_2007
worth_ia_2005,2005,3.544131362321055,worth,ia_2005
lake_in_2016,2016,3.685358608257947,lake,in_2016
scott_ia_2008,2008,3.4298045441816662,scott,ia_2008
bourbon_ks_2012,2012,1.0423915771532515,bourbon,ks_2012
washington_mn_2005,2005,3.093549196712875,washington,mn_2005
cheyenne_ks_2012,2012,3.2011509079028886,cheyenne,ks_2012
logan_oh_2005,2005,3.1608002662066332,logan,oh_2005
mercer_oh_2012,2012,3.5912071109666854,mercer,oh_2012
adams_in_2007,2007,3.389453902485411,adams,in_2007
hancock_in_2008,2008,3.127174731459754,hancock,in_2008
reno_ks_2013,2013,2.3336121114334083,reno,ks_2013
prairie_ar_2006,2006,2.8245449187378426,prairie,ar_2006
miller_mo_2005,2005,2.2058350793952672,miller,mo_2005
marshall_in_2014,2014,3.544131362321055,marshall,in_2014
adair_ia_2012,2012,2.595891282459065,adair,ia_2012
marion_il_2006,2006,2.55554064076281,marion,il_2006
lincoln_ar_2008,2008,2.4546640365221726,lincoln,ar_2008
wells_in_2005,2005,2.972497271624111,wells,in_2005
rice_mn_2015,2015,3.819860747245463,rice,mn_2015
osage_mo_2006,2006,2.55554064076281,osage,mo_2006
blackford_in_2008,2008,2.7909193839909636,blackford,in_2008
dade_mo_2009,2009,2.7572938492440846,dade,mo_2009
warren_in_2006,2006,3.6786335013085716,warren,in_2006
richland_il_2013,2013,2.501739785167804,richland,il_2013
desha_ar_2005,2005,2.690042779750326,desha,ar_2005
tippecanoe_in_2015,2015,3.3692785816372837,tippecanoe,in_2015
douglas_ne_2006,2006,2.9254215229784797,douglas,ne_2006
dickinson_ks_2008,2008,2.4210385017752936,dickinson,ks_2008
audrain_mo_2006,2006,2.690042779750326,audrain,mo_2006
grant_mn_2016,2016,3.416354330282914,grant,mn_2016
auglaize_oh_2010,2010,3.3760036885866596,auglaize,oh_2010
kane_il_2008,2008,2.959047057725359,kane,il_2008
neosho_ks_2015,2015,2.4344887156740453,neosho,ks_2015
jefferson_in_2009,2009,2.2865363627877775,jefferson,in_2009
butler_mo_2008,2008,3.026298127219117,butler,mo_2008
barton_mo_2005,2005,1.788878448533967,barton,mo_2005
emmons_nd_2011,2011,2.2798112558384016,emmons,nd_2011
lancaster_ne_2008,2008,2.656417245003447,lancaster,ne_2008
humboldt_ia_2005,2005,3.4903305067260484,humboldt,ia_2005
lonoke_ar_2009,2009,2.656417245003447,lonoke,ar_2009
wabash_il_2015,2015,3.3020275121435256,wabash,il_2015
henderson_il_2006,2006,3.3625534746879078,henderson,il_2006
drew_ar_2009,2009,2.488289571269052,drew,ar_2009
lucas_oh_2010,2010,3.2078760148522645,lucas,oh_2010
walworth_sd_2016,2016,2.7505687422947087,walworth,sd_2016
bureau_il_2010,2010,3.698808822156699,bureau,il_2010
ashley_ar_2007,2007,2.219285293294019,ashley,ar_2007
harper_ks_2007,2007,1.345021389875163,harper,ks_2007
christian_il_2013,2013,3.8131356402960876,christian,il_2013
phelps_ne_2007,2007,4.156116094714254,phelps,ne_2007
mitchell_ia_2014,2014,3.3087526190929015,mitchell,ia_2014
bon homme_sd_2011,2011,2.4008631809271663,bon homme,sd_2011
deuel_sd_2007,2007,2.8581704534847217,deuel,sd_2007
ford_ks_2005,2005,4.102315239119248,ford,ks_2005
clermont_oh_2013,2013,2.8648955604340975,clermont,oh_2013
ross_oh_2008,2008,2.521915106015931,ross,oh_2008
carver_mn_2008,2008,2.8581704534847217,carver,mn_2008
wadena_mn_2010,2010,2.7640189561934605,wadena,mn_2010
paulding_oh_2008,2008,2.2865363627877775,paulding,oh_2008
douglas_mn_2011,2011,2.3336121114334083,douglas,mn_2011
ray_mo_2011,2011,2.7102181005984534,ray,mo_2011
whitley_in_2016,2016,3.9005620306379734,whitley,in_2016
perry_ar_2010,2010,1.9637312292177382,perry,ar_2010
osceola_ia_2013,2013,3.2953024051941497,osceola,ia_2013
faribault_mn_2016,2016,4.310793554549898,faribault,mn_2016
jennings_in_2012,2012,2.622791710256568,jennings,in_2012
