dataset,window_length,window_label,has_anomaly,Random Forest,Ridge,XGBoost
CY-Bench Maize (Europe),2,2006-2007,False,0.4537294122572424,0.4445464232602114,0.3791665925064563
CY-Bench Maize (Europe),2,2007-2008,False,0.5347734761972467,0.5049151253489687,0.534215547830401
CY-Bench Maize (Europe),2,2008-2009,False,0.6009792662812881,0.571057433563057,0.5312140617542097
CY-Bench Maize (Europe),2,2009-2010,False,0.4668165897777434,0.34448320275790034,0.44952860595609795
CY-Bench Maize (Europe),2,2010-2011,False,0.37632514124910893,0.29897325961070664,0.33320980286150403
CY-Bench Maize (Europe),2,2011-2012,False,0.5998080770859244,0.652512627746507,0.5260783327629036
CY-Bench Maize (Europe),2,2012-2013,False,0.47609884813082487,0.5055793504793002,0.49971993372859774
CY-Bench Maize (Europe),2,2013-2014,False,0.3402700745843789,0.2551130214470991,0.16455420444345217
CY-Bench Maize (Europe),2,2014-2015,False,0.4579494932931838,0.28521950172397775,0.3265734970209512
CY-Bench Maize (Europe),2,2015-2016,False,0.3574165098255772,0.3560106173950697,0.2535910209647605
CY-Bench Maize (Europe),2,2016-2017,False,0.2379731278294507,0.299713679460461,0.10296204500392758
CY-Bench Maize (Europe),2,2017-2018,True,-0.215214110397926,-0.588362521599566,-0.24347407594327639
CY-Bench Maize (Europe),2,2018-2019,True,-0.9766758660334921,-0.9701169206692853,-1.3002289269340714
CY-Bench Maize (Europe),2,2019-2020,False,0.27241418450805593,0.35023134893675634,0.23458836769719593
CY-Bench Maize (Europe),3,2006-2008,False,0.5196673347848652,0.4945993387067758,0.4581653160303542
CY-Bench Maize (Europe),3,2007-2009,False,0.5420965898010297,0.5212599515450909,0.4568344149875276
CY-Bench Maize (Europe),3,2008-2010,False,0.5539538235586451,0.4518644492306755,0.4103055342397725
CY-Bench Maize (Europe),3,2009-2011,False,0.4621070470496525,0.4154839866560073,0.3582488640510649
CY-Bench Maize (Europe),3,2010-2012,False,0.525599236874744,0.5233145776994156,0.4865988081568293
CY-Bench Maize (Europe),3,2011-2013,False,0.5456127760460633,0.5401732624586316,0.4631613309665141
CY-Bench Maize (Europe),3,2012-2014,False,0.5401039929334541,0.5196375907078582,0.4986854664103968
CY-Bench Maize (Europe),3,2013-2015,False,0.3794832665574812,0.1427806703364505,0.2960626118165491
CY-Bench Maize (Europe),3,2014-2016,False,0.3268540257397163,0.3671246181660381,0.1984847935471037
CY-Bench Maize (Europe),3,2015-2017,False,0.3432385887442304,0.3049437368818483,0.2689375660610492
CY-Bench Maize (Europe),3,2016-2018,True,0.1419727489494702,0.0130103151980568,-0.0295329249938562
CY-Bench Maize (Europe),3,2017-2019,True,-0.5150849689528595,-0.8159668386727823,-0.6932846769188482
CY-Bench Maize (Europe),3,2018-2020,True,-0.096258277460128,-0.1231718858587592,-0.2870811889480745
CY-Bench Maize (Europe),5,2006-2010,False,0.5150533053831892,0.4708460985423492,0.4155809840765716
CY-Bench Maize (Europe),5,2007-2011,False,0.5019709420957998,0.49759318768358085,0.4725578804142909
CY-Bench Maize (Europe),5,2008-2012,False,0.5552947890920498,0.5496228077148401,0.47881601499065624
CY-Bench Maize (Europe),5,2009-2013,False,0.495419185698984,0.46834452927220543,0.4563475813934246
CY-Bench Maize (Europe),5,2010-2014,False,0.46532769951710745,0.42745942954480204,0.37159724966807284
CY-Bench Maize (Europe),5,2011-2015,False,0.5193493212695081,0.42623592112424963,0.43270035592322276
CY-Bench Maize (Europe),5,2012-2016,False,0.4356037829920685,0.42070174731904597,0.32173133128544046
CY-Bench Maize (Europe),5,2013-2017,False,0.3126104829569483,0.24216000724146733,0.16295366263797084
CY-Bench Maize (Europe),5,2014-2018,True,0.3265610184227856,0.2559450325665614,0.27813125848945547
CY-Bench Maize (Europe),5,2015-2019,True,0.16359112016244737,0.049609076559233155,0.11133343490747753
CY-Bench Maize (Europe),5,2016-2020,True,-0.042451925327350905,-0.21876751136940634,-0.16623035844935774
CY-Bench Maize (Zambia),2,2006-2007,False,0.16079284773565639,0.2493515221116236,0.048579063996818585
CY-Bench Maize (Zambia),2,2007-2008,False,-0.37386508738588947,-0.2620771041992147,-0.872516059771348
CY-Bench Maize (Zambia),2,2008-2009,False,-0.5866177405622306,-0.3151333280387139,-0.9104979427391108
CY-Bench Maize (Zambia),2,2009-2010,False,0.16241628779498932,0.27630270292395837,-0.10184603464127921
CY-Bench Maize (Zambia),2,2010-2011,False,0.18135761883934123,0.1542652809544497,-0.03197116735281691
CY-Bench Maize (Zambia),2,2011-2012,True,0.04259462973033027,0.06763739261539654,-0.08840642757683163
CY-Bench Maize (Zambia),2,2012-2013,True,0.147295965725049,0.2587782289199545,0.1115200165087576
CY-Bench Maize (Zambia),2,2013-2014,True,0.010528430208815923,0.07473187791971558,-0.0969961610161963
CY-Bench Maize (Zambia),2,2014-2015,True,0.23070969511769626,0.25306130896450174,0.144955343735965
CY-Bench Maize (Zambia),2,2015-2016,False,0.4808810051081614,0.47149817490352836,0.4013942060987212
CY-Bench Maize (Zambia),2,2016-2017,False,0.19010880877421724,0.3817807998951192,0.09905207801322709
CY-Bench Maize (Zambia),3,2006-2008,False,-0.0648114862613089,-0.0045156133146209,-0.2617555910990997
CY-Bench Maize (Zambia),3,2007-2009,False,-0.2901069947364847,-0.2239352033273667,-0.6337991859591852
CY-Bench Maize (Zambia),3,2008-2010,False,0.0041649804489002,0.1309172819267641,-0.2459582928596838
CY-Bench Maize (Zambia),3,2009-2011,False,0.2460825021437202,0.265289978809488,0.134601951353797
CY-Bench Maize (Zambia),3,2010-2012,True,0.0629051735198608,0.0507548619402516,-0.0732020795186419
CY-Bench Maize (Zambia),3,2011-2013,True,0.1376717579920728,0.1409697429595291,0.0544034224761741
CY-Bench Maize (Zambia),3,2012-2014,True,-0.091683286039464,0.0311189472163561,-0.1611397419122383
CY-Bench Maize (Zambia),3,2013-2015,True,0.2213648175651311,0.2619585479453486,0.1111793152875125
CY-Bench Maize (Zambia),3,2014-2016,True,0.2619383037048295,0.1997664248898853,0.2550907417466208
CY-Bench Maize (Zambia),3,2015-2017,False,0.3574206047419936,0.4237288498072143,0.2817871443693159
CY-Bench Maize (Zambia),5,2006-2010,False,0.07729606908904607,0.09286680899871647,-0.15760340305875728
CY-Bench Maize (Zambia),5,2007-2011,False,0.11155701023964515,0.16829525856579466,-0.11825820095701693
CY-Bench Maize (Zambia),5,2008-2012,True,0.17108246079418776,0.19966580949008836,0.05826758811776093
CY-Bench Maize (Zambia),5,2009-2013,True,0.12988553450664522,0.1702093503643336,-0.050337879317172894
CY-Bench Maize (Zambia),5,2010-2014,True,-0.08270998979660804,-0.0465016944295397,-0.16994778710297673
CY-Bench Maize (Zambia),5,2011-2015,True,0.09853109022325057,0.0392795013996606,-0.007728336775883915
CY-Bench Maize (Zambia),5,2012-2016,True,0.02109455287136334,0.021795522583080373,0.0727954924037127
CY-Bench Maize (Zambia),5,2013-2017,True,0.10542740714069627,0.08856679896780666,-0.07598656656523368
CY-Bench Wheat (Europe),2,2006-2007,False,0.21572479841028558,0.3894897313157962,0.12277314423537648
CY-Bench Wheat (Europe),2,2007-2008,False,-0.17887495912832796,0.29941008193754054,-0.40495249539413175
CY-Bench Wheat (Europe),2,2008-2009,False,0.2413562160043123,0.3517737556275655,0.08349326431709152
CY-Bench Wheat (Europe),2,2009-2010,False,-0.010384842847045217,-0.0574748300973739,0.17280698205677916
CY-Bench Wheat (Europe),2,2010-2011,False,0.11279830836490419,0.09892691277732131,0.16458194226014047
CY-Bench Wheat (Europe),2,2011-2012,False,0.14788033377442109,0.3960902559691554,0.07930243208471377
CY-Bench Wheat (Europe),2,2012-2013,False,0.2792873721165307,0.32058820938218324,0.23532759600360564
CY-Bench Wheat (Europe),2,2013-2014,False,0.24609280239411982,0.270798954322693,0.19116135804683296
CY-Bench Wheat (Europe),2,2014-2015,False,0.23168605433739067,0.42182275275936226,0.38487343525576007
CY-Bench Wheat (Europe),2,2015-2016,False,0.33253068717364404,0.5226717936568182,0.15071208089399005
CY-Bench Wheat (Europe),2,2016-2017,True,0.054057044180454684,-0.16764049653096835,-0.09666193879569866
CY-Bench Wheat (Europe),2,2017-2018,True,-0.9158500670362292,-1.9462980337793185,-1.274494196926127
CY-Bench Wheat (Europe),2,2018-2019,False,-1.0463181276000737,-1.216088495575848,-1.2242084530688362
CY-Bench Wheat (Europe),2,2019-2020,False,0.25322063278865364,0.2820836181066653,0.2686754588993982
CY-Bench Wheat (Europe),3,2006-2008,False,0.1537165598963057,0.4161764877779476,0.1660320992705961
CY-Bench Wheat (Europe),3,2007-2009,False,0.0929644756217676,0.3423101637729663,-0.0724135512930417
CY-Bench Wheat (Europe),3,2008-2010,False,0.1977472404134146,0.1329161280351202,0.1800785431510523
CY-Bench Wheat (Europe),3,2009-2011,False,0.1816018402629826,0.1658739206122967,0.1373202205019958
CY-Bench Wheat (Europe),3,2010-2012,False,0.1841274167810667,0.226417506467116,0.1543644302364043
CY-Bench Wheat (Europe),3,2011-2013,False,0.1784892702864193,0.3396963511365276,0.0719495905286565
CY-Bench Wheat (Europe),3,2012-2014,False,0.2530758611652755,0.3240969406734462,0.3241276584567222
CY-Bench Wheat (Europe),3,2013-2015,False,0.2731177358470534,0.3647852645253643,0.2661626532206495
CY-Bench Wheat (Europe),3,2014-2016,False,0.2720903534551535,0.4543098912684145,0.2443195788394972
CY-Bench Wheat (Europe),3,2015-2017,True,0.1718585788504458,0.0850840113780579,0.0550326780950476
CY-Bench Wheat (Europe),3,2016-2018,True,-0.1453182076160008,-0.6175351339892343,-0.4592978315178845
CY-Bench Wheat (Europe),3,2017-2019,True,-1.0492426360889513,-1.7563193432330897,-1.2779233845003624
CY-Bench Wheat (Europe),3,2018-2020,False,0.0721565138077463,-0.0270231706880937,-0.0903995952424332
CY-Bench Wheat (Europe),5,2006-2010,False,0.16319452396327994,0.2152545772549859,0.060333270365110825
CY-Bench Wheat (Europe),5,2007-2011,False,0.11045930821632681,0.2507664364662324,0.14459578060973746
CY-Bench Wheat (Europe),5,2008-2012,False,0.1758118001588939,0.2891314460120725,0.18160569631039716
CY-Bench Wheat (Europe),5,2009-2013,False,0.17577974314568226,0.23396555818895456,0.21456362935897663
CY-Bench Wheat (Europe),5,2010-2014,False,0.1962475118028136,0.14621178542261218,0.18057321292495376
CY-Bench Wheat (Europe),5,2011-2015,False,0.2425593686983283,0.3774375780998798,0.15182068838743146
CY-Bench Wheat (Europe),5,2012-2016,False,0.3557697153893861,0.44886985913898014,0.23171191317062337
CY-Bench Wheat (Europe),5,2013-2017,True,0.27357387868639554,0.20330977004838666,0.11811655345204759
CY-Bench Wheat (Europe),5,2014-2018,True,0.08653700852237896,-0.07186167629588325,-0.14417276005040325
CY-Bench Wheat (Europe),5,2015-2019,True,-0.2621430236282532,-0.5027797375043382,-0.3675513895310913
CY-Bench Wheat (Europe),5,2016-2020,True,-0.011065645703840202,-0.29256210855466186,-0.16898715497204156
SustainBench Soybean,2,2010-2011,False,0.21217535866932782,0.22228148661576183,0.13904962577919397
SustainBench Soybean,2,2011-2012,False,0.19065797970896822,0.04769043212164955,0.15605584434725694
SustainBench Soybean,2,2012-2013,False,0.1772419580219402,0.0920158392639359,0.1261210698444387
SustainBench Soybean,2,2013-2014,True,0.19850855795136493,0.27229695373500745,0.13092657699742635
SustainBench Soybean,2,2014-2015,True,0.22477143855336434,0.23481572749313182,0.2821016424205834
SustainBench Soybean,2,2015-2016,True,-0.5609535071190433,-0.5992872920124509,-0.6131192323301291
SustainBench Soybean,3,2010-2012,False,0.1666215641960042,0.0735453186033799,0.1201201961570675
SustainBench Soybean,3,2011-2013,False,0.1933973885487399,0.1051638124799961,0.1178676970016143
SustainBench Soybean,3,2012-2014,True,0.3069295380896608,0.2742303834165114,0.2090729484535473
SustainBench Soybean,3,2013-2015,True,0.1749337549014708,0.2082490388284782,0.1095300492715712
SustainBench Soybean,3,2014-2016,True,-0.3241618154693011,-0.3262007698700662,-0.3348434597787021
SustainBench Soybean,5,2010-2014,True,0.22790520464549802,0.1924495053747786,0.1473746222884862
SustainBench Soybean,5,2011-2015,True,0.2505940465660825,0.23362668546564844,0.17420702308506178
SustainBench Soybean,5,2012-2016,True,0.024953812397088455,0.045355504113533174,-0.020428767776286993
